Title,Rent,Deposit,Built-up Area,Furnishing
1 BHK Flat In H Mansion For Rent In Andheri West,"₹ 25,000 +","₹75,000",850 sqft,Unfurnished
"1 BHK Flat In Ram, Gurudev Appartments, For Rent In Jijamata Colony, Andheri East","₹ 32,500","₹1,00,000",580 sqft,Semi furnished
"1 BHK Flat In Versova View, Andheri West For Rent In Andheri West","₹ 10,000","₹15,000",500 sqft,Unfurnished
"1 BHK Flat In Ng Complex For Rent In Marol, Andheri East","₹ 35,000","₹1,20,000",644 sqft,Semi furnished
1 BHK Apartment In Platinum Tower 4 For Rent In Andheri West,"₹ 45,000","₹1,50,000",513 sqft,Semi furnished
2 BHK Flat In Sholay Building For Rent In Andheri West,"₹ 85,000","₹2,40,000",900 sqft,Fully furnished
1 BHK Flat In Versova For Rent In Yari Road,"₹ 32,000","₹1,50,000",600 sqft,Semi furnished
1 BHK Flat In Crescent Apartment For Rent In Andheri West,"₹ 25,000","₹1,00,000",450 sqft,Unfurnished
2 BHK Flat In Rashi Apartment For Rent In Andheri East,"₹ 45,000","₹1,25,000",710 sqft,Semi furnished
1 BHK Flat In Andheri East For Rent In Andheri East,"₹ 38,000","₹1,00,000",500 sqft,Fully furnished
1 RK Flat In Bhawani Nagar For Rent In Andheri East,"₹ 18,500","₹50,000",350 sqft,Semi furnished
2 BHK Flat In Crescent Landmark For Rent In Andheri East,"₹ 60,000","₹1,50,000","1,048 sqft",Semi furnished
1 BHK Apartment In Sai Sahawas Chs For Rent In Andheri West,"₹ 25,000","₹75,000",595 sqft,Unfurnished
1 BHK House For Rent In Versova Village Fish Market,"₹ 5,000","₹5,000",450 sqft,Fully furnished
3 BHK Apartment In Golden Rays For Rent In Andheri West,"₹ 90,000","₹3,00,000","1,300 sqft",Unfurnished
"2 BHK Apartment In Oshiwara Mhada, Andheri West For Rent In Andheri West","₹ 60,000","₹2,00,000",742 sqft,Semi furnished
1 RK Apartment In Saptashrungi Cooperative Housing Society For Rent In Andheri West,"₹ 18,000","₹1,00,000",300 sqft,Unfurnished
1 BHK Apartment In Kanakia Spaces Sevens For Rent In Andheri East,"₹ 60,000","₹2,00,000",508 sqft,Fully furnished
2 BHK Flat In Juhu Darshan For Rent In Andheri West,"₹ 45,000","₹2,00,000",700 sqft,Semi furnished
"2 BHK Flat In Mahalasa Villa Chs, Amboli For Rent In Mahalasa Villa Amboli","₹ 60,000","₹1,50,000",725 sqft,Fully furnished
1 RK House For Rent In Andheri East,"₹ 6,000 +","₹20,000",180 sqft,Unfurnished
3 BHK Apartment In Valuable Sparsh For Rent In Sparsh Apartment,"₹ 1,40,000 +","₹10,00,000","1,261 sqft",Semi furnished
2 BHK Flat In Royal Classic Co Op Society For Rent In Andheri West,"₹ 70,000","₹3,00,000","1,100 sqft",Fully furnished
1 RK House For Rent In Andheri East,"₹ 10,000","₹40,000",360 sqft,Fully furnished
2 BHK Flat In Sarla Chs Panch Marg Andheri West For Rent In Andheri West,"₹ 60,000","₹2,00,000",750 sqft,Fully furnished
1 RK Flat In Ashiyana Apartments For Rent In Jogeshwari West,"₹ 19,000 +","₹1,00,000",360 sqft,Unfurnished
"1 RK Flat In Tabir Terrace For Rent In Versova,","₹ 25,000","₹60,000",250 sqft,Unfurnished
1 RK House For Rent In Andheri East,"₹ 12,000",₹1,300 sqft,Semi furnished
2 BHK Apartment In New Trishul For Rent In Marol,"₹ 50,000","₹2,00,000",730 sqft,Fully furnished
2 BHK Apartment In Akshay Girikunj Apartment For Rent In Andheri West,"₹ 60,000","₹2,00,000","1,152 sqft",Unfurnished
1 RK House For Lease In Andheri East,Only Deposit,"₹20,00,000",220 sqft,Semi furnished
2 BHK Flat In Gayatri Apartment For Rent In Andheri West,"₹ 65,000","₹1,50,000","1,000 sqft",Fully furnished
"2 BHK Flat In Magnum Tower, Andheri West For Rent In Andheri West","₹ 75,000","₹3,50,000","1,100 sqft",Fully furnished
1 BHK Flat In Bharatiya Kala Chs For Rent In Andheri East,"₹ 30,000","₹1,00,000",565 sqft,Semi furnished
1 BHK Apartment In Gurukrupa Chs Andheri West For Rent In Andheri West,"₹ 40,000","₹1,50,000",581 sqft,Semi furnished
2 BHK Apartment In Sagar City Indian Ocean For Rent In Andheri West,"₹ 60,000","₹1,80,000",900 sqft,Fully furnished
1 BHK Flat In Om Sai Darshan Apartment For Rent In Junaid Nagar,"₹ 25,000 +","₹1,00,000",350 sqft,Semi furnished
2 BHK Apartment In Lok Bharti Chs Andheri East For Rent In Andheri East,"₹ 50,000","₹1,50,000",880 sqft,Semi furnished
1 BHK Flat In Bhagya Apartment For Rent In Andheri West,"₹ 40,000","₹1,00,000",700 sqft,Semi furnished
1 RK Flat In Chandi Huose Oop Shiv Malahar Bilding Near Vetal Mandi For Rent In Vetal Temple,"₹ 9,000","₹20,000",250 sqft,Unfurnished
1 BHK Apartment In Mangalya Andheri East For Rent In Andheri East,"₹ 5,000","₹20,000",555 sqft,Fully furnished
1 BHK Flat In Jumbo Darshan For Rent In Andheri East,"₹ 40,000","₹1,50,000",500 sqft,Fully furnished
1 RK Flat In Awadhdh Society For Rent In Ram Mandir Railway Station,"₹ 15,000","₹50,000",225 sqft,Fully furnished
"1 BHK Apartment In Sanjeevani Chs Vile Parle For Rent In Koldongri, Andheri East","₹ 45,000","₹1,50,000",614 sqft,Fully furnished
"1 BHK House For Rent In Andheri East, Mumbai, Maharashtra, India","₹ 22,000","₹70,000",450 sqft,Semi furnished
1 RK Flat For Rent In Versova,"₹ 15,000","₹45,000",287 sqft,Semi furnished
1 RK House For Rent In Amboli Andheri West,"₹ 8,000","₹25,000",200 sqft,Unfurnished
2 BHK Flat In Hiramani Apartment For Rent In Andheri West,"₹ 40,000","₹1,20,000",798 sqft,Semi furnished
1 BHK Apartment In Pride Park Royale For Rent In Andheri East,"₹ 20,000","₹40,000",480 sqft,Fully furnished
1 BHK Flat In Supershwa Eternia For Rent In Andheri East,"₹ 35,000","₹1,00,000",265 sqft,Unfurnished
1 BHK Flat In Vikas Paradise Andheri East For Rent In Powai,"₹ 30,000","₹1,00,000",600 sqft,Semi furnished
1 RK House For Rent In Andheri East,"₹ 9,000","₹20,000",180 sqft,Semi furnished
"1 BHK Flat In Shanti Nagar, Mahakali Caves Road For Rent In Andheri East","₹ 20,000","₹50,000",250 sqft,Fully furnished
1 RK House For Rent In Andheri East,"₹ 12,000","₹1,00,000",160 sqft,Unfurnished
2 BHK Flat In Orchid Palace For Rent In Andheri East,"₹ 75,000","₹2,00,000","1,000 sqft",Fully furnished
"1 RK House For Rent In Kadam Wadi, Marol, Andheri East","₹ 7,600","₹2,50,000",100 sqft,Semi furnished
"2 BHK Flat In Twin Tower Chs Ltd, Andheri East For Rent In Andheri East","₹ 24,000","₹41,667",965 sqft,Fully furnished
1 BHK Flat In Blue Diamond For Rent In Andheri West,"₹ 30,000","₹75,000",500 sqft,Semi furnished
2 BHK Flat In Palash Towers C Wing Chs Ltd. For Rent In Andheri West,"₹ 60,000","₹2,50,000","1,190 sqft",Semi furnished
1 BHK Apartment In Nayandeep Chs For Rent In Andheri East,"₹ 38,000 +","₹1,50,000",525 sqft,Semi furnished
1 BHK Flat In Balaji Shivner Housing Society For Rent In Andheri West,"₹ 40,000","₹1,00,000",700 sqft,Unfurnished
"2 BHK Flat In Udyan Complex, Andheri East For Rent In Udyan Complex","₹ 62,000","₹2,00,000","1,045 sqft",Fully furnished
2 BHK Flat In Versova View For Rent In Andheri West,"₹ 60,000","₹2,00,000",950 sqft,Semi furnished
2 BHK Apartment In Zalawad Darshan Chs For Rent In Andheri West,"₹ 85,000","₹3,50,000",950 sqft,Fully furnished
2 BHK Flat In Ashok Vihar Chsl For Rent In Andheri East,"₹ 66,500","₹2,00,000",660 sqft,Fully furnished
2 BHK Apartment In Oakland Park For Rent In Andheri West,"₹ 75,000","₹3,00,000",950 sqft,Fully furnished
1 RK House For Rent In Jogeshwari West,"₹ 12,500","₹30,000",200 sqft,Semi furnished
1 BHK Flat In Akruti Aneri Society For Rent In Andheri East,"₹ 45,000","₹2,40,000",525 sqft,Fully furnished
2 BHK Flat In New Jaya Palace Chs For Rent In Andheri West,"₹ 42,000","₹2,00,000",950 sqft,Unfurnished
2 BHK Flat In Shreeji Kripa Chs For Rent In Andheri East,"₹ 65,000","₹3,00,000",905 sqft,Fully furnished
"1 BHK Flat In Saisahwas Co. Op. Hsg Society, Gilbert Hill Sreenath Nagar, Andheri West, Mumbai. For Rent In Gilbert Hill, Andheri West","₹ 14,000","₹25,000",595 sqft,Unfurnished
"1 BHK Apartment In Shree Ram Chs Andheri, Andheri East For Rent In Andheri West","₹ 35,000","₹1,25,000",500 sqft,Fully furnished
1 RK House For Rent In Andheri West,"₹ 7,000","₹50,000",200 sqft,Unfurnished
1 BHK Apartment In Pancharatna Co-Operative Housing Society For Rent In Andheri East,"₹ 37,500","₹1,50,000",550 sqft,Fully furnished
2 BHK Apartment In New Trishul For Rent In Marol,"₹ 49,500","₹2,00,000",600 sqft,Semi furnished
1 BHK Flat In Bhagwati Niwas Chs For Rent In Andheri East,"₹ 30,000","₹1,00,000",600 sqft,Semi furnished
1 RK Flat In Arunodays Sra For Rent In Andheri East,"₹ 15,000","₹50,000",225 sqft,Unfurnished
1 RK House For Rent In Jogeshwari West,"₹ 12,500","₹30,000",180 sqft,Unfurnished
1 BHK House For Rent In Andheri East,"₹ 36,000 +","₹1,50,000",690 sqft,Semi furnished
"1 BHK Flat In Tree Shade, Andheri East For Rent In Garware Chowk","₹ 35,000","₹2,50,000",500 sqft,Semi furnished
"1 RK House For Rent In Gaondevi Dongri, Andheri West","₹ 5,000","₹50,000",100 sqft,Unfurnished
2 BHK Apartment In Sunteck City Avenue-2 For Rent In Goregaon West,"₹ 65,000","₹2,50,000",908 sqft,Unfurnished
2 BHK Flat In Skylark Apartment For Rent In Andheri East,"₹ 70,000","₹2,00,000",740 sqft,Fully furnished
"2 BHK Apartment In Larsen And Toubro Chs, Andheri East For Rent In Andheri East","₹ 60,000","₹3,00,000","1,140 sqft",Semi furnished
2 BHK House For Rent In Jogeshwari West,"₹ 10,000","₹19,998","1,000 sqft",Fully furnished
1 RK House For Rent In Zalawad Nagar,₹ 35,"₹2,00,000",400 sqft,Semi furnished
"2 BHK Apartment In Platinum Life, Andheri West For Rent In Andheri West","₹ 75,000","₹5,00,000",665 sqft,Unfurnished
1 BHK Flat In Manish Nagar For Rent In Andheri West,"₹ 45,000","₹1,50,000",450 sqft,Unfurnished
"1 RK House For Rent In Bamanwada, Andheri East","₹ 8,000","₹25,000",200 sqft,Unfurnished
2 BHK Flat In Orchid Building For Rent In D Mart,"₹ 47,000","₹1,50,000",580 sqft,Semi furnished
2 BHK Apartment In Ashok Nagar Chs Andheri For Rent In Andheri East,"₹ 60,000","₹3,00,000","1,000 sqft",Fully furnished
3 BHK Apartment In Sunteck City Goregoan For Rent In Goregaon West,"₹ 75,000","₹2,50,000","1,394 sqft",Semi furnished
2 BHK Flat In Apna Ghar Chs For Rent In Andheri East,"₹ 35,000","₹1,50,000",660 sqft,Unfurnished
3 BHK Apartment In Sea Shell Apartment For Rent In Andheri West,"₹ 1,00,000","₹4,00,000","1,280 sqft",Fully furnished
"1 RK House For Rent In Hindu Friends Society, Natwar Nagar, Jogeshwari East, Mumbai, Maharashtra, India","₹ 15,000","₹50,000",280 sqft,Unfurnished
1 RK Flat In Sneh Sagar Sra Bldg For Rent In Andheri East,"₹ 23,000","₹75,000",225 sqft,Fully furnished
1 BHK Flat In Sadbhavna Complex For Lease In Andheri East,Only Deposit +,"₹15,00,000",390 sqft,Semi furnished
1 BHK Apartment In Oshiwara Mhada Complex For Rent In Andheri West,"₹ 30,000","₹1,00,000",600 sqft,Unfurnished
1 BHK Apartment In Vasant Oasis For Rent In Andheri East,"₹ 57,000","₹2,00,000",450 sqft,Unfurnished
2 BHK Apartment In Bhagtani Elegance For Rent In Andheri West,"₹ 1,10,000","₹3,50,000","1,296 sqft",Semi furnished
2 BHK Flat In Laxmi Building For Rent In Andheri East,"₹ 70,000","₹3,00,000",800 sqft,Fully furnished
2 BHK Flat In Ee Heights For Rent In Jogeshwari West,"₹ 60,000","₹3,00,000","1,000 sqft",Fully furnished
1 BHK Flat In Laxmi Ratan Cooperative Housing Society For Rent In Andheri West,"₹ 30,000","₹1,00,000",400 sqft,Unfurnished
2 BHK Flat In Reputed Shatdal Chs Ltd For Rent In Mumbai,"₹ 75,000","₹4,00,000","1,000 sqft",Fully furnished
1 RK House For Rent In Jogeshwari West,"₹ 8,000","₹50,000",110 sqft,Unfurnished
3 BHK Flat In Hira Dham For Rent In Andheri West,"₹ 85,000 +","₹3,00,000","1,700 sqft",Fully furnished
1 BHK Flat In Vihanga Darshan For Rent In Andheri East,"₹ 30,000","₹1,00,000",562 sqft,Semi furnished
2 BHK Flat In Skylark For Rent In Maharashtra Kamgar Kalyan Mandal,"₹ 70,000","₹2,00,000",740 sqft,Fully furnished
1 RK House For Rent In Andheri East,"₹ 15,000","₹50,000",300 sqft,Unfurnished
2 BHK Flat In Ratan Nagar Society For Rent In 4 Bunglows,"₹ 60,003","₹1,80,003",633 sqft,Semi furnished
2 BHK Flat In Yari Road For Rent In Andheri West,"₹ 70,000","₹2,50,000",850 sqft,Fully furnished
1 BHK Apartment In Pride Park Royale For Rent In Andheri East,"₹ 20,000","₹40,000",480 sqft,Fully furnished
"1 RK House For Rent In Kevni Pada, Jogeshwari West","₹ 10,000","₹40,000",150 sqft,Unfurnished
1 BHK Flat In Aalap Heights For Rent In Umbergaon Club & Resort Pvt. Ltd.,"₹ 65,000","₹20,00,000",760 sqft,Semi furnished
2 BHK Flat In Tara Chs C Wing For Rent In Powai,"₹ 45,000","₹1,00,000",875 sqft,Unfurnished
1 BHK Flat In Jagdish Apartments Andheri East For Rent In Jagdish Apartments,"₹ 36,000","₹1,00,000",600 sqft,Fully furnished
1 BHK Apartment In Chandrakiran Chs Jogeshwari For Rent In Jogeshwari West,"₹ 35,000","₹1,00,000",500 sqft,Fully furnished
2 BHK Flat In Jewel Home Versova For Rent In Jewel Home,"₹ 70,000","₹2,50,000",900 sqft,Unfurnished
1 BHK Apartment In Pride Park Royale For Rent In Andheri East,"₹ 20,000","₹40,000",480 sqft,Fully furnished
3 BHK Flat In Garden Court For Rent In Garden Court,"₹ 1,47,000","₹9,00,000","1,350 sqft",Fully furnished
2 BHK Flat In Green Crest For Rent In Andheri West,"₹ 54,000","₹2,00,000","1,080 sqft",Semi furnished
"1 BHK Apartment In Runwal Elegante, Andheri West For Rent In Andheri West","₹ 21,000","₹30,000",490 sqft,Fully furnished
1 BHK Flat In Chandra Darshan For Rent In Andheri West,"₹ 24,000","₹1,00,000",400 sqft,Semi furnished
1 BHK Apartment In Kohinoor Apartment Jogeshwari For Rent In Jogeshwari West,"₹ 35,000","₹2,00,000",544 sqft,Fully furnished
"1 BHK Flat In Meherhomes Chs, Jogeshwari West For Rent In Jogeshwari West","₹ 36,000","₹1,00,000",630 sqft,Fully furnished
"1 RK Flat In Trishul Society,Tepgaon,Andheri West For Rent In Andheri West","₹ 17,500","₹55,000",225 sqft,Semi furnished
"2 BHK Apartment In Shilpoo Chs, Andheri East For Rent In Andheri East","₹ 62,000","₹1,50,000",590 sqft,Unfurnished
"2 BHK Flat In Springfield For Rent In J B Nagar, Andheri East","₹ 55,000","₹3,00,000",750 sqft,Unfurnished
1 BHK Flat In Harmony Chs For Rent In Powai,"₹ 35,000","₹1,50,000",555 sqft,Semi furnished
"1 RK House For Rent In Andheri East,","₹ 10,500","₹90,000",180 sqft,Unfurnished
2 BHK In Veera Desai For Rent In Andheri West,₹ 45,"₹1,00,000",700 sqft,Unfurnished
1 BHK Apartment In Kanakia Spaces Sevens For Rent In Andheri East,"₹ 60,000","₹3,00,000",502 sqft,Fully furnished
"2 BHK Apartment In Bhairav Chs, Andheri West For Rent In Andheri West","₹ 65,000","₹2,50,000",850 sqft,Fully furnished
"1 BHK Flat In Four Bungalows, Andheri West For Rent In Four Bungalows, Andheri West","₹ 42,000","₹1,25,000",665 sqft,Fully furnished
1 BHK Apartment In Raj Paradise For Rent In Andheri East,"₹ 40,000","₹1,80,000",650 sqft,Fully furnished
1 BHK Flat In Versova Yari Road For Rent In Yari Road,"₹ 42,000","₹1,20,000",700 sqft,Fully furnished
1 BHK Apartment In Raghukul Society For Rent In Andheri West,"₹ 40,000","₹2,00,000",765 sqft,Unfurnished
1 BHK Flat In Rehab Aparment For Lease In Andheri East,Only Deposit,"₹15,00,000",269 sqft,Semi furnished
2 BHK Flat In Akal Classic For Rent In Andheri East,"₹ 50,000","₹1,00,000",520 sqft,Unfurnished
1 RK Apartment In Sher E Punjab For Rent In Andheri East,"₹ 24,000","₹70,000",350 sqft,Fully furnished
1 BHK Flat In Jai Shubham Chs For Rent In Shastri Nagar,"₹ 15,000 +","₹50,000",565 sqft,Unfurnished
1 BHK Flat In Bharat Apartment For Rent In Andheri West,"₹ 48,000","₹2,00,000",600 sqft,Unfurnished
2 BHK Flat In Apartment For Rent In Andheri East,"₹ 50,000 +","₹1,50,000",762 sqft,Semi furnished
"1 BHK House For Rent In Sahar Village, Andheri East","₹ 20,000 +","₹1,00,000",300 sqft,Semi furnished
1 BHK Flat In Anjali Chs For Rent In Andheri West,"₹ 45,000","₹2,50,000",480 sqft,Fully furnished
"1 RK House For Rent In Andheri East,","₹ 10,000","₹40,000",360 sqft,Unfurnished
1 RK Flat In Kaveri Society For Lease In Andheri West,Only Deposit,"₹8,00,000",250 sqft,Semi furnished
2 BHK Flat In Triveni Chs For Rent In Andheri West,"₹ 70,000","₹3,00,000","1,000 sqft",Fully furnished
2 BHK Apartment In Adani Western Heights Andheri For Rent In Andheri West,"₹ 1,10,000","₹5,00,000","1,361 sqft",Semi furnished
2 BHK Apartment In Sudarshan Heights For Rent In Andheri East,"₹ 60,000","₹2,00,000","1,008 sqft",Semi furnished
1 BHK Flat In Dhake Nagar Building For Rent In Andheri West,"₹ 30,000","₹2,00,000",562 sqft,Unfurnished
1 BHK Apartment In Crescent Apartment Marol For Rent In Marol,"₹ 32,000","₹1,00,000",550 sqft,Semi furnished
2 BHK Flat In Trishul For Rent In ?????? ??????,"₹ 75,000","₹2,00,000",855 sqft,Semi furnished
1 RK Flat In Juhu Ekta Chs Andheri West For Rent In Andheri West,"₹ 20,000","₹50,000",250 sqft,Semi furnished
2 BHK Apartment In Blase View A For Rent In Andheri West,"₹ 55,000","₹1,50,000",700 sqft,Fully furnished
1 BHK Apartment In Lodha Eternis For Rent In Andheri East,"₹ 21,000","₹40,000",480 sqft,Fully furnished
1 RK Flat In Veer Hanuman Sra Co-Op. Housing Society Ltd For Rent In Parsi Wada,"₹ 19,000","₹50,000",225 sqft,Semi furnished
3 BHK Flat In Rassaz Tastle For Rent In Andheri East,"₹ 1,10,000","₹2,00,000","1,010 sqft",Fully furnished
1 RK Apartment In Shreedham Splendour For Rent In Andheri West,"₹ 33,000 +","₹80,000",240 sqft,Fully furnished
"4 BHK Apartment In Elite Residence For Rent In Chembur ,Mumbai","₹ 1,80,000 +","₹8,00,000","1,700 sqft",Fully furnished
1 RK Flat In Bldg 17 Utsav Chs For Rent In D N Nagar,"₹ 16,000","₹50,000",250 sqft,Unfurnished
1 BHK Flat In Thackers Society For Rent In Andheri West,"₹ 70,000","₹2,00,000",650 sqft,Fully furnished
1 BHK Apartment In Sun N Sea For Rent In Andheri West,"₹ 45,000","₹1,50,000",560 sqft,Semi furnished
"1 BHK Flat In Sumeet Building For Rent In J B Nagar, Andheri East","₹ 30,000","₹65,000",600 sqft,Semi furnished
"2 BHK Flat In Gurudarshan Chs, Lokhandwala For Rent In Lokhandwala Complex Market","₹ 49,000","₹1,50,000",700 sqft,Fully furnished
1 BHK Flat In Tarapore Gardens For Rent In Andheri West,"₹ 50,000","₹2,00,000",500 sqft,Unfurnished
3 BHK Apartment In Rushi Tower For Rent In Andheri West,"₹ 1,50,000","₹9,00,000","2,400 sqft",Semi furnished
2 BHK Flat In Lodha Belair For Rent In Jogeshwari West,"₹ 67,000","₹2,50,000",822 sqft,Fully furnished
2 BHK Apartment In Lodha Belair For Rent In Andheri West,"₹ 75,000","₹2,50,000",659 sqft,Unfurnished
1 RK Flat In Hill Rock Housing Society For Rent In Jogeshwari West,"₹ 17,000","₹50,000",260 sqft,Unfurnished
1 BHK Flat In Kanakia Sra Building For Rent In Andheri East,"₹ 20,000","₹50,000",400 sqft,Fully furnished
2 BHK House For Lease In Andheri East,Only Deposit,"₹10,00,000",600 sqft,Unfurnished
2 BHK House For Rent In Andheri East,"₹ 70,000","₹3,00,000",700 sqft,Semi furnished
2 BHK Flat In Versova Heights For Rent In Andheri West,"₹ 45,000 +","₹1,50,000",922 sqft,Fully furnished
3 BHK Apartment In Universal Garden For Rent In Jogeshwari West,"₹ 60,000 +","₹5,00,000","1,530 sqft",Unfurnished
1 BHK Flat In Shanti Smruti Chsl For Rent In Powai,"₹ 30,000","₹1,20,000",460 sqft,Semi furnished
1 BHK Flat In Samartha Ashish For Rent In Andheri West,"₹ 43,000","₹1,20,000",750 sqft,Semi furnished
"2 BHK Flat In Neptune Apartments, Lokhandwala For Rent In Andheri West","₹ 70,000","₹2,50,000",850 sqft,Fully furnished
"1 BHK Flat In 702, Pragati Chs, Ambedkar Nagar, Road No.8, Midc, Andher East For Rent In Bureau Of Indian Standards","₹ 21,000","₹60,000",320 sqft,Semi furnished
1 BHK Flat In La Terressa Chs For Rent In Four Bunglows,"₹ 38,000","₹1,00,000",540 sqft,Semi furnished
2 BHK Apartment In Gulshan Villa Premises For Rent In Andheri West,"₹ 80,000","₹2,50,000",915 sqft,Fully furnished
1 BHK In La Teressa Housing Co Operative Housing Society For Rent In Andheri West,"₹ 50,000","₹2,00,000",550 sqft,Semi furnished
2 BHK Flat In Kanchan Ganga Apartment For Rent In Andheri West,"₹ 56,000","₹1,50,000","1,000 sqft",Semi furnished
2 BHK Flat In Udyan Complex For Rent In Andheri East,"₹ 65,000","₹3,30,000",930 sqft,Fully furnished
1 RK House For Rent In Garware Chowk,"₹ 16,000","₹50,000",300 sqft,Unfurnished
1 BHK Apartment In Bonanza Residency For Rent In Jogeshwari West,"₹ 45,000","₹1,50,000",630 sqft,Semi furnished
1 BHK House For Rent In Sv Patel Nagar,"₹ 7,000","₹7,000",400 sqft,Fully furnished
1 BHK Flat In Shree Bec Datta Building For Rent In Andheri East,"₹ 30,000","₹1,00,000",600 sqft,Fully furnished
"1 BHK Apartment In Sai Dham Chs Andheri, Andheri East For Rent In Andheri East","₹ 22,000","₹60,000",270 sqft,Semi furnished
1 BHK Apartment In Nebula Apartment For Rent In Andheri West,"₹ 55,000","₹2,00,000",550 sqft,Fully furnished
1 RK House For Rent In Jogeshwari West,"₹ 11,000 +","₹60,000",250 sqft,Unfurnished
1 RK House For Rent In Andheri West,"₹ 12,000","₹50,000",182 sqft,Unfurnished
"1 BHK Apartment In Kanakia Spaces Sevens, Andheri East For Rent In Andheri East","₹ 57,000","₹2,50,000",506 sqft,Semi furnished
1 BHK House For Rent In Andheri East,"₹ 25,000","₹70,000",570 sqft,Semi furnished
3 BHK Apartment In Silver Arch Apartments For Rent In Andheri West,"₹ 1,50,000","₹5,00,000","1,400 sqft",Fully furnished
1 BHK Apartment In Paradigm El Signora For Rent In Oshiwara,"₹ 55,000","₹2,50,000",450 sqft,Fully furnished
1 RK Flat In Galaxy Apartment For Rent In Oshiwara,"₹ 10,000 +","₹10,000",300 sqft,Fully furnished
"1 BHK Flat In Shobhana Co Operative Housing Society, Andheri East For Rent In Sher E Punjab Colony","₹ 24,000","₹1,00,000",420 sqft,Unfurnished
"1 RK House For Rent In Marol, Andheri East","₹ 20,000 +","₹50,000",500 sqft,Semi furnished
"1 BHK Flat In Meher Homes Jogeshwari West For Rent In Momin Nagar, Jogeshwari West","₹ 40,000","₹1,70,000",400 sqft,Semi furnished
"2 BHK Apartment In Lodha Patel Estate Tower For Rent In Patel Estate, Patel Estate Rd","₹ 95,000","₹4,50,000","1,100 sqft",Fully furnished
1 BHK Flat In Versova Ratannagar Co Operative Housing Society For Rent In Ratan Nagar,"₹ 40,000","₹1,25,000",500 sqft,Semi furnished
1 BHK Flat In Om Sai Chs Ltd For Rent In Andheri East,"₹ 30,000","₹1,00,000",620 sqft,Unfurnished
1 RK House For Rent In Andheri East,"₹ 12,500","₹45,000",400 sqft,Unfurnished
2 BHK Flat In Green Crest For Rent In Andheri West,"₹ 54,000","₹2,00,000","1,080 sqft",Semi furnished
2 BHK Flat In Highland Park For Rent In Andheri East,"₹ 50,000","₹2,00,000",700 sqft,Fully furnished
1 RK Flat In Lohana Bhavan For Rent In Andheri West,"₹ 26,000 +","₹1,20,000",350 sqft,Semi furnished
2 BHK Flat In Amit Nagar For Rent In Andheri West,"₹ 50,000","₹1,00,000",850 sqft,Semi furnished
1 BHK Apartment In Palm Beach Apartments For Rent In Versova,"₹ 1,25,000","₹5,00,000",600 sqft,Fully furnished
3 BHK Flat In Sinchan Society For Rent In Andheri West,"₹ 59,000","₹1,50,000","1,000 sqft",Fully furnished
"1 BHK Apartment In Platinum Life, Andheri West For Rent In Andheri West","₹ 21,000","₹30,000",490 sqft,Fully furnished
1 BHK Flat In Zohra Aghadi Nagar (J & K) C.H.S. Ltd For Rent In Yari Road,"₹ 35,000","₹1,00,000",450 sqft,Unfurnished
"3 BHK Flat In Arena Building, Lokhandwala Complex For Rent In Andheri West","₹ 1,10,000","₹3,00,000","1,280 sqft",Semi furnished
2 BHK Apartment In Ashok Nagar For Rent In Andheri East,"₹ 65,000","₹3,25,000","1,025 sqft",Fully furnished
2 BHK Flat In Manju Tower Chs For Rent In Lokhandwala,"₹ 85,000","₹2,00,000",982 sqft,Fully furnished
2 BHK Apartment In Sea Shell Apartment For Rent In Andheri West,"₹ 1,10,000","₹3,00,000","1,200 sqft",Semi furnished
1 BHK Flat In Hamara Ghar For Lease In Andheri West,Only Deposit +,"₹25,00,000",340 sqft,Semi furnished
1 BHK Flat In May Fair For Rent In Andheri West,"₹ 35,000","₹2,00,000",441 sqft,Unfurnished
"1 RK House For Rent In Sahar Village, Project Road, Tank View, Sahar Village, Andheri East, Mumbai, Maharashtra, India","₹ 10,000","₹40,000",280 sqft,Semi furnished
2 BHK Flat In Varun Apartments For Rent In Andheri West,"₹ 1,25,000","₹3,00,000",850 sqft,Semi furnished
1 BHK House For Rent In Andheri East,"₹ 13,000 +","₹50,000",300 sqft,Semi furnished
1 BHK Flat In Nirman Vihar For Rent In Andheri East,"₹ 25,000 +","₹75,000",788 sqft,Fully furnished
2 BHK Flat In Jp Eminence For Rent In Andheri West,"₹ 80,000 +","₹4,80,000",720 sqft,Unfurnished
3 BHK Apartment In Rajveer Apartments For Rent In Andheri West,"₹ 1,20,000 +","₹7,20,000","1,640 sqft",Fully furnished
1 BHK Flat In Sejal Chs For Rent In Andheri West,"₹ 41,000","₹2,00,000",650 sqft,Fully furnished
2 BHK Apartment In Shree Ram Chs Andheri For Rent In Andheri East,"₹ 60,000","₹1,00,000",770 sqft,Fully furnished
1 BHK Flat In Sundar Park Society For Rent In Andheri West,"₹ 44,000","₹1,00,000",580 sqft,Unfurnished
1 RK House For Rent In Nucleus House,"₹ 8,500","₹45,000",180 sqft,Semi furnished
1 RK Apartment In Dariya Darshan Varsova For Rent In Andheri West,"₹ 6,000","₹25,000",250 sqft,Unfurnished
1 RK Apartment In Shreedham Splendour For Rent In Andheri West,"₹ 45,000","₹1,50,000",416 sqft,Fully furnished
2 BHK Flat In Oshiwara Tarapore Gardens Society For Rent In Andheri West,"₹ 60,000","₹2,00,000",812 sqft,Fully furnished
"3 BHK Apartment In Lotus Residency Goregaon West, Goregaon West For Rent In Goregaon West","₹ 80,000","₹2,00,000","1,500 sqft",Fully furnished
1 BHK Flat In Laram.Center For Rent In Andheri West,"₹ 50,000","₹2,00,000",510 sqft,Semi furnished
"1 RK Flat In Pg For Boys , 711 B Wing Chs Anand Nagar Opposite Of Mega Mall Andheri West For Rent In Anand Nagar, Andheri West","₹ 3,500","₹3,500",450 sqft,Semi furnished
1 BHK Flat In Mahavir For Rent In Andheri West,"₹ 29,000","₹1,50,000",400 sqft,Semi furnished
"3 BHK Apartment In Millionaire Heritage, Andheri West For Rent In Andheri West","₹ 1,10,000","₹2,00,000","1,300 sqft",Fully furnished
4 BHK Flat In Anand Apartments For Rent In Andheri West,"₹ 15,000","₹30,000","2,200 sqft",Unfurnished
1 RK House For Rent In Andheri West,"₹ 4,000","₹4,000",200 sqft,Unfurnished
1 BHK House For Rent In Andheri West,"₹ 40,000","₹1,00,000",510 sqft,Fully furnished
"1 BHK Flat In C 301 Ratan Kunj, Four Bunglows, Andheri West For Rent In Ratan Nagar, Four Bungalows, Andheri West","₹ 31,000","₹1,00,000",400 sqft,Semi furnished
1 RK Flat In Juhu Ekta Chs For Rent In Andheri West,"₹ 25,000","₹50,000",225 sqft,Semi furnished
2 BHK Flat In Sneh Sarovar Chs For Rent In Andheri East,"₹ 50,000","₹1,50,000",975 sqft,Fully furnished
3 BHK Apartment In Bhagtani Krishaang For Rent In Versova,"₹ 2,50,000","₹7,50,000","1,800 sqft",Fully furnished
3 BHK Apartment In Grenville Chs For Rent In Andheri West,"₹ 85,000","₹3,00,000","1,300 sqft",Fully furnished
1 BHK House For Rent In Powai,"₹ 12,000","₹30,000",400 sqft,Semi furnished
"1 BHK Flat In Varsova , Need Room Ments For Rent In Varsova Beach","₹ 5,500","₹5,500",600 sqft,Fully furnished
"3 BHK Apartment In Sagar Avenue, Santacruz East For Rent In Santacruz East","₹ 95,000","₹2,00,000","1,400 sqft",Fully furnished
3 BHK Apartment In Grace Pinnacle For Rent In Andheri West,"₹ 1,00,000","₹5,00,000","1,400 sqft",Fully furnished
2 BHK Apartment In H K Pujara Chitralekha Herritage For Rent In Andheri West,"₹ 75,000","₹2,00,000",660 sqft,Semi furnished
1 BHK Flat In Manish Mahal For Rent In Andheri West,"₹ 39,500","₹2,50,000",650 sqft,Fully furnished
"1 RK House For Rent In Gundavali Andheri East, Gundavali Gaothan, Andheri East, Mumbai, Maharashtra 400053","₹ 10,000","₹50,000",200 sqft,Unfurnished
1 RK House For Rent In Andheri East,"₹ 5,000","₹10,000",200 sqft,Semi furnished
1 RK Flat In Asmita Mogra For Rent In Andheri East,"₹ 18,000","₹50,000",400 sqft,Semi furnished
1 RK Flat In Milan Chs For Rent In Goregaon West,"₹ 12,000","₹50,000",225 sqft,Semi furnished
1 RK House For Rent In Bori Colony,"₹ 2,500","₹5,000",100 sqft,Fully furnished
2 BHK Apartment In Lokhandwala Brookfield For Rent In Andheri West,"₹ 2,00,000","₹10,00,000","1,200 sqft",Fully furnished
1 RK In Andheri Chs For Rent In Andheri West,"₹ 35,000","₹1,00,000",500 sqft,Fully furnished
3 BHK Flat In Bhavesha Apt For Rent In Andheri West,"₹ 1,00,000","₹5,00,000","1,108 sqft",Unfurnished
1 BHK Flat In Amboli For Rent In Amboli,"₹ 38,000","₹1,50,000",450 sqft,Fully furnished
"3 BHK Flat In Bharat Apartments For Rent In Juhu Lane, Andheri West","₹ 1,20,000","₹4,00,000","1,300 sqft",Semi furnished
1 BHK Flat In Royal Park For Rent In Marol Naka,"₹ 2,000","₹17,00,000",378 sqft,Unfurnished
2 BHK Flat In Lodha Bel Air For Rent In Jogeshwari West,"₹ 80,000 +","₹2,40,000",820 sqft,Semi furnished
1 BHK Apartment In Yashodhan Apartments Andheri For Rent In Andheri West,"₹ 45,000","₹2,40,000",453 sqft,Fully furnished
4 BHK Flat In Vaikunth Co-Op Housing Society For Rent In Andheri West,"₹ 1,50,000","₹6,00,000","1,400 sqft",Semi furnished
2 BHK Apartment In Zalawad Darshan Chs For Rent In Andheri West,"₹ 85,000","₹3,50,000",900 sqft,Fully furnished
2 BHK Flat In Anjali Apartment For Rent In Andheri East,"₹ 40,000","₹1,50,000",650 sqft,Semi furnished
1 RK House For Rent In Jogeshwari,"₹ 8,000","₹30,000",290 sqft,Unfurnished
1 RK Apartment In Oshiwara Godavari Chs For Rent In Jogeshwari West,"₹ 20,000","₹50,000",360 sqft,Unfurnished
1 BHK Apartment In Platinum Towers For Rent In Andheri East,"₹ 30,000","₹85,000",402 sqft,Semi furnished
4 BHK Apartment In Beverly Hills - Royal Empire For Rent In Andheri West,"₹ 2,00,000","₹8,00,000","3,400 sqft",Fully furnished
2 BHK Flat In Adarsh Building For Rent In Andheri East,"₹ 45,000","₹2,00,000",900 sqft,Unfurnished
2 BHK Flat In Mahalaxmi Society For Rent In Kurla,"₹ 60,000","₹1,50,000",700 sqft,Fully furnished
2 BHK Apartment In Network Chs For Rent In Jogeshwari West,"₹ 1,09,000","₹3,00,000",780 sqft,Unfurnished
2 BHK Flat In Citizen Bldg 3rd Crosslane Lokhandwala Comples For Lease In Andheri West,Only Deposit,"₹2,00,000",700 sqft,Semi furnished
4 BHK Apartment In Royal Accord For Rent In Royal Accord Apartments,"₹ 1,62,000","₹5,00,000","1,620 sqft",Unfurnished
1 RK House For Rent In Andheri East,"₹ 12,000","₹40,000",300 sqft,Unfurnished
1 RK House For Rent In Andheri East,"₹ 9,000","₹50,000",200 sqft,Unfurnished
2 BHK Flat In Sun-N-Sea For Rent In Andheri West,"₹ 65,000","₹2,00,000",750 sqft,Fully furnished
"3 BHK Flat In Vishal Chs, Andheri East For Rent In Andheri East","₹ 70,000","₹2,50,000","1,000 sqft",Semi furnished
2 BHK Flat In Mahalaxmi Society Veera Desai For Rent In Veera Desai Road,"₹ 60,000","₹1,50,000",750 sqft,Fully furnished
"1 BHK Flat In Sumit Sumit Apartment, Mumbai For Rent In J B Nagar, Andheri East","₹ 30,000 +","₹70,000",650 sqft,Semi furnished
2 BHK Flat In Bhagirathi Niwas For Rent In Andheri East,"₹ 65,000","₹3,30,000",700 sqft,Fully furnished
2 BHK Flat In Versova Heights Chs For Rent In Andheri West,"₹ 50,000","₹1,00,000",850 sqft,Unfurnished
1 RK Flat In Marol Andheri East For Rent In Andheri East,"₹ 4,000","₹10,000",225 sqft,Unfurnished
2 BHK Apartment In Westin Joanita For Rent In Andheri West,"₹ 50,000","₹1,00,000",980 sqft,Semi furnished
1 BHK Flat In Model Town For Rent In Andheri West,"₹ 38,000","₹2,00,000",400 sqft,Semi furnished
"2 BHK Flat In Ashiana Chs Ltd , Marol Naka ,Andheri East For Rent In Andheri East","₹ 40,000","₹1,50,000",550 sqft,Semi furnished
1 BHK Flat In Gopal Nivas For Rent In Andheri East,"₹ 28,000","₹50,000",600 sqft,Fully furnished
2 BHK Apartment In Juhu Sameep Apartment For Rent In Andheri West,"₹ 70,000","₹2,00,000",790 sqft,Fully furnished
2 BHK Apartment In S A Sneh Kutir For Rent In Andheri East,"₹ 38,000","₹75,000",700 sqft,Fully furnished
2 BHK Flat In New Chandra For Rent In Andheri West,"₹ 50,000","₹3,00,000",825 sqft,Semi furnished
1 RK Flat In Hingle Building Versova Village For Rent In Karma Cafe,"₹ 5,000","₹5,000",200 sqft,Fully furnished
2 BHK Flat In O Tower For Rent In Andheri West,"₹ 50,000","₹2,00,000","1,000 sqft",Unfurnished
1 BHK Apartment In Vasant Oasis For Rent In Andheri East,"₹ 55,000","₹1,50,000",500 sqft,Fully furnished
1 BHK Flat In Mahakali Darshan Building For Rent In Andheri East,"₹ 25,000 +","₹1,00,000",360 sqft,Fully furnished
1 BHK Flat In City Park For Rent In Oshiwara Garden Road,"₹ 25,000","₹1,10,240",470 sqft,Fully furnished
1 RK Flat In Standalone Building For Rent In Andheri East,"₹ 14,000","₹50,000",300 sqft,Unfurnished
1 BHK Apartment In Atlanta Tower A For Rent In Shilphata,"₹ 15,000 +","₹60,000",680 sqft,Unfurnished
"1 BHK Flat In Neral Royal Enclave Co Of Housing Socitey Ltd For Rent In Marol,","₹ 3,500","₹10,000",590 sqft,Fully furnished
